,bore,stroke,horsepower,compression-ratio
bore,1.0,-0.05538966345313719,0.5669032109801653,0.0012633047110309733
stroke,-0.05538966345313719,1.0,0.09812762318628447,0.18787135632740026
horsepower,0.5669032109801653,0.09812762318628447,1.0,-0.21448935601616725
compression-ratio,0.0012633047110309733,0.18787135632740026,-0.21448935601616725,1.0
